username,rating,date,review_text,pros,cons
Astrid M.,5,57 minutes ago,"Me gusta ya que no debo tener los pies dentro de un zapato, ya que dónde vivo hace mucho calor. Puedo recomemdarlas ciegamente, además las encontré en un precio accesible.",,
Jennifer H.,5,1 hour ago,"My husband has issues with his legs, and these are his go to work from home shoes! They have held up forever, have great support, the comfort he desires and a classic look.",,
Emily H.,4,1 hour ago,Love these slides and use them all the time. They do run a bit narrow so if your foot it super wide might want to size up. Perfect for a pool day or trip to the mail box,,
Gloribel C.,5,1 hour ago,"Me gusta que cuando llego a casa del trabajo puedo quitarme los zapatos y ponerme estos zapatos. Agradable, cómodo y cómodo. Se puede llevar con o sin calcetines. Los uso exclusivamente en interiores para no meter la suciedad del exterior en el interior. Aunque las suelas son bastante decentes, estoy seguro de que también les irá bien en el exterior. Creo que me ayuda a mantener mi casa más limpia usándola solo en interiores. Las sandalias tienen un precio un poco alto, pero la calidad está ahí. Obtienes lo que pagas. Los tengo desde hace unos meses y los uso todos los días y todavía están como nuevos",,
Client Jhon B.,4,2 hours ago,"I slid into my black-and-white Benassi Swoosh slides first thing in the morning—no socks, just bare feet. The textured footbed felt cool and a little bumpy at first, but within minutes it kind of molded to the shape of my feet. That one-piece strap across the top is soft but snug, so they don’t feel loose or sloppy when I walk.",,
Ashley W.,5,2 hours ago,I love these Nike slides. I wear them around the house and running errands. They are comfortable and so easy to just slide on. I love wearing them outside especially when the weather is bad. So easy to clean!,,
David Ji,5,5 hours ago,"Excelente calidad y estilo se ajustan muy bien son cómodas y muy durables. Muy buena marca las recomiendo, lo mejor para este próximo verano!!!",,
Nirtil K.,5,7 hours ago,I have this slides for a while it fit me very very comfort supports very style and very durable. This slides are so much better than every other for these hot days.,,
Angela R.,5,9 hours ago,They fit my feet like a glove. And were probably the most comfortable slides I've ever worn in my life. I need a new pair. As I have been wearing the same pair of Nike SLIDES for 4 yrs now,,
Zueinah A.,5,12 hours ago,These fit perfectly on my feet and supports me really well. It’s long lasting as I had these for a few years and I like the design of these thongs or sandals.,,
Aleinys T.,5,13 hours ago,"Nike sandals are a great combination of comfort, durability, and style. They feature soft, cushioned footbeds that make them perfect for everyday wear or casual outings. The straps are usually adjustable, providing a secure fit, and the materials used are high quality and quick-drying — ideal for summer weather. Whether you’re heading to the beach or just walking around town, Nike sandals offer reliable support and a sleek, sporty look. Overall, they’re a solid choice for anyone looking for both function and fashion.",,
Annie B.,5,13 hours ago,"I've been wearing the Nike Benassi slides for a few months now, and I have to say—they're easily one of the most comfortable and convenient pairs of slides I've owned. The cushioning is soft but supportive, making them perfect for everything from lounging around the house to quick errands or post-workout wear. The fit is true to size, and the textured footbed adds a nice massage-like feel that actually helps reduce foot fatigue. I also really appreciate the simple, clean design with the iconic Nike logo—it goes with just about anything, whether it's gym gear or casual outfits. Durability-wise, they hold up great. I’ve worn mine nearly every day and they still look and feel like new. Plus, they're super easy to clean, which is always a plus. Overall, if you're looking for a reliable, comfortable, and stylish pair of slides, the Nike Benassi is a no-brainer. Definitely worth the price.",,
Trina M.,5,13 hours ago,Had these through preganncy and they saved me. They fit perfectlyz durable during my weight change and the design was supportive. I cant recommend them enough.,,
Dan Chau N.,5,14 hours ago,"The fit is true to size and really comfortable. They offer great support for casual wear, perfect for walking around or relaxing. Highly recommend for everyday use!",,
Amanda W.,5,14 hours ago,"These slides are comfortable! Easy to slip on and off! They look great going to the beach, going to the grocery store or even out on the town! They are so versatile! They are supportive and super easy to throw on!",,
Ms B.,4,14 hours ago,"These flip-flops are comfortable and well ventilated for coolness at the beach or the pool. The Men's Nike Benassi Swoosh Sandal is a lightweight sports slide with the Swoosh design trademark embellished on its strap. Its soft midsole foam and jersey lining provide comfort so you can enjoy a relaxed, premium experience. One-piece, synthetic leather strap has jersey lining for a soft feel. Injected Phylon midsole doubles as an outsole for lightweight cushioning. Flex grooves help the slide move with your foot. Durability",,
Bobbi R.,5,15 hours ago,I love these slides!! As soon as I get off work and get home I slip these on. They’re comfortable and have a great fit. They are very supportive. I have had mine for a couple of years and they are so durable.,,
Bhagath S.,5,17 hours ago,No words to say it's perfect it's very comfortable suitable and I like it more and more in life time we will buy it atleast one time,,
Donica M.,5,17 hours ago,"Super super comfy, never seen anything like it before. I love how they have alot of design options for each pair of slides. The sizes are normally perfect to your size, lots of room. The support is immaculate and the shoes feel as tough as rubber so you know they are gonna last.",,
Veronica M.,5,17 hours ago,Comfortable and fit and supportive for your feet. Stylish too and good for house of outdoors. Love the colors they come in.. i live Nike and they very durable…,,
Astrid M.,5,58 minutes ago,"Me gusta ya que no debo tener los pies dentro de un zapato, ya que dónde vivo hace mucho calor. Puedo recomemdarlas ciegamente, además las encontré en un precio accesible.",,
Alyssa O.,5,19 hours ago,"The most comfy and fitted slides!! It feel like standing on a cloud, but also they have a warmth feeling from the cushion. I love my slides, if I could I would wear them everywhere even to work!",,
Mercedes K.,5,19 hours ago,"I love my slides. I’m not one to be barefoot, even at home in the house. My slides have lasted me over a year now and they fit me perfectly. They’re black with the white checkmark ✔️ on them. They’re super comfortable and go with just about everything else.",,
Jenifer Alexandra G.,4,20 hours ago,Tiene muy buen material un estilo único mucha comodidad tiene durabilidad el precio es asequible combina con todo casi es u clásico que deve de vartar en tú close,,
Erik O.,5,21 hours ago,I have had at least four pairs of these sandals and always return because of their comfort and usability. They are great for after a soccer game or going out to check the mail or anything in between. So easy to use and always reliable and last a long time,,
Dayana A.,5,21 hours ago,I love these slides. I have wide feet and they are not tight at all. They are VERY comfortable I wear them around the house. I'll definitely bit more to wear ...,,
Ana S.,5,22 hours ago,Muy buen estilo son cómodas y duradera se ajustan a tu pie y podrás caminar con comodidad material de muy buena calidad color adactada a tu estilo,,
Tatiana L.,5,23 hours ago,"Duración increíble,comodidad máxima el estilo me encanta,la calidad muy buena y la talla se ajusta a la adecuada,las recomiendo totalmente para cualquier persona",,
Samika M.,5,23 hours ago,They are the most comfortable slides out there. I use them while running errands or beach vacations.Literally the best. Using them since two years now and gonna buy some for the rest of my family as well.,,
Rossella M.,5,23 hours ago,"Ciabatte Nike che ormai hanno 12 anni.. iper resistenti e iper comode.. nonostante tutti questi anni sono ancora belle, il design è quello classico della Nike. Ideali sia per donna che per uomo. Le consiglio sia per la comodità ma anche per la traspirazione e la misura, unica pecca il prezzo in quanto costano veramente tanto..",,
Swetha K.,5,23 hours ago,"Super comfortable and stylish — perfect for everyday wear or after workouts. The cushioned sole and soft strap make them easy to wear for hours. Durable, easy to clean, and look great. Solid choice for casual comfort.",,
Ashley W.,5,3 hours ago,I love these Nike slides. I wear them around the house and running errands. They are comfortable and so easy to just slide on. I love wearing them outside especially when the weather is bad. So easy to clean!,,
Ashley K.,5,23 hours ago,"These slides are very versatile, comfortable and stylish. Whether it's a day at the beach or a stroll through town, these slides are built to last. Fit is true to size as well.",,
Keyli R.,5,23 hours ago,"El material de estas sandalias es de muy buena calidad, duradero, son muy suaves para caminar, puedes usarlas con diferentes estilos, están muy hermosas y elegantes",,
Sonia S.,5,1 day ago,"Me encantan además de bonitas son super cómodas, es mi estilo y queda genial tanto para ir a la playa o piscina como para ir en vaqueros quedan muy chulas",,
Montserrat I.,5,1 day ago,Estas chanclas están diseñadas oara ofrecer comodidad y soporte los que la hacen ideales para el uso diario especialmente en climas cálidos para actividades acuáticas,,
Maggie G.,5,1 day ago,"I only wear slides. And these are the most comfortable pair I own. Normally my feet start to hurt or the sides will rub blisters, but I haven’t had any issues out of these.",,
Geraldine A.,5,1 day ago,"Con este producto obtienes comodidad extrema en comparación a otros modelos ,la calidad del material y suavidad es lo que más satisfecha me tiene,cuenta con un estilo moderno sin dejar de ser elegante la medida corresponde y noto una larga durabilidad las recomiendo",,
Kate M.,5,1 day ago,"This is such a good style it’s so supportive,Durable and perfect for a comfortable fit.I really like these i use them for everything and i will definitely be buying more",,
Sandra V.,5,1 day ago,"I’ve been wearing my Nike Benassi Swoosh slides for years now and honestly, I still love them. The footbed is nice and cushioned – even after standing or walking around for a while my feet feel great. The classic Nike swoosh design on the strap is super sleek, so they go with pretty much any casual outfit. Best of all, I’ve worn these all summer after summer and they’ve held up like champs – no cracks, no fading, just as comfy and stylish as day one.",,
Kristen S.,5,1 day ago,Love this so comforting n comfortable I wear theses all the time my favorite shoe love them n I love these sandals would get them again n same color,,
Fanny L.,5,1 day ago,"Elle sont super confortable, vraiment très peu cher pour la marque, elle taille plutôt bien, par contre elle s’abîme assez vite c’est dommage !",,
Taylor S.,5,1 day ago,"This is my 3rd pair. (one set i lost and another i ruined with paint....) They are hard on the feet until broken in. But are the most comfortable, long term slides ever. Highly recommended",,
Yvonne G.,5,1 day ago,"I’ve had these slides for 5+ years, and while they’re worn and well loved, they are still holding up strong with daily use. I wear them out and about and around the house. They are so comfortable and durable. Classic style, that can be dressed up or down. I will be replacing mine with the same ones when the time comes.",,
Pauline C.,5,1 day ago,"The rubber material is comfortable, and it's seems to be waterproof. Fits perfect. Material is great.These are pretty strong my son literally love and cherish these slides",,
Bielkis J.,5,1 day ago,"Son cómodos, es acorde a la talla ya que muchos pares de chanclas vienen más grandes o pequeñas, la calidad es 8/10 y son durable siempre y cuando sepas cuidarla. El estilo es casual",,
Abdellatif F.,5,1 day ago,Très jolie claquettes de piscine ou pour aller à la plage Elles sont solides et surtout pratiques Elles sont aussi antidérapante Un confort assuré qui donne du style,,
Taylor T.,5,1 day ago,"these are the perfect shoe to slip on for quick outtings for errands and are so comfortable and cute! they don’t bother make the annoying sandal sound like most sandals of this style, and they don’t rub my foot like some sandals do.",,
Joric P.,4,1 day ago,"Ik heb de Nike Benassi Swoosh Slides gescoord en ik ben fan! Ze zitten echt lekker, met een zachte band en een zool die je voeten pampert. Ideaal om thuis te chillen, even naar de winkel te sjezen of na het sporten. Ze zien er ook gewoon tof uit met die vette Swoosh, past bij alles. Qua maat zitten ze goed, maar de band was eerst een tikkie strak omdat m’n voeten wat breder zijn. Na een paar keer dragen top. Ze voelen stevig, zijn zo schoon, en voor €35 vind ik ze echt een steal. Alleen niet super voor natte plekken, want de band zuigt wat water op. Echt een chille slide voor elke dag! ⭐️⭐️⭐️⭐️ (4/5)",,
Maria Candida T.,5,1 day ago,Ho comprato queste ciabatte per abbinarle al costume mare di mio marito sono comodissime le porta anche in casa misura perfetta molto durevoli,,
Nicola J.,5,1 day ago,I absolutely love these Nike slides. They are so comfortable my feet is in heaven when i wear them. Also by looking at the material you can see that it’s durable. You will get your money’s worth guys.,,
Fabian A.,5,1 day ago,"Very comfortable, super recommended I used them several semany for different types of activities, they look great for going out for a walk.They are of very good quality and also the material with which they were made is comfortable",,
Andrea T.,5,1 day ago,Misure alla portata di tutti qualità di materiale marca Nike stile egregio comode anzi comodissime e durature nel tempo non si rompono mai ma proprio mai,,
Oluwabukola A.,5,1 day ago,Go to slides. This is highly comfortable and stylish. It’s also very durable and has a sleek fit on the feet. Value for money . I love it and it’s one of he best things I have purchased,,
Darren J.,5,1 day ago,Really like wearing these either on the beach or just at home. Comfortable fit with good support and durability is very good as is the quality. Would buy again,,
Pati B.,5,1 day ago,They fit and support your feet very well. They are durable and stylish too! I recommend getting these! They are super comfortable and you can use them anywhere.,,
Maria H.,5,1 day ago,"Sooo comfortable I think I have these in every color They are my goto for the beach, a quick trip down the street or even a casual all day event. They last forever and never go out of style.",,
Harmony S.,5,1 day ago,"I’ve been using the Nike Benassi Swoosh Slides for a while now, and they’ve become my go-to for casual wear, especially in warmer weather. The comfort is next level – the footbed feels cushioned and supportive, even after hours of wear. They fit true to size, have a sleek, sporty look, and are super durable; I’ve used mine at the beach, around the house, and even for quick errands. I love how easy they are to slip on, and the quality has stayed consistent despite frequent use and it’s cute",,
Evgenia B.,5,1 day ago,"Very comfortable shoes. Easy to put on and off. Everyone in my family has them! Wear them out everyday, they are especially useful when I take my sun to soccer so that he can easily change his cleats.",,
Saucyyy L.,5,1 day ago,"This slides are my go-to for daily wear. The fit is true to size, and the soft cushioning makes them super comfy even after hours of use. They’re lightweight, breathable, and easy to slip on—perfect for quick errands or chilling at home. The grip on the sole prevents slipping, and the strap feels secure without digging into my foot. I’ve worn them nonstop and they’ve held up great, even with rough use. Definitely a staple in my footwear rotation.",,
Bernardina D.,4,1 day ago,La comodidad es increíble el estilo que leda a la ropa la durabilidad es magistral la calidad es estupenda las amo son mis favoritas son agradables,,
Rose A.,5,1 day ago,"I have had these slides for about a year and a half, and they are doing great. They are comfortable and so easy to put outfits with. They fit pretty well depending on your foot size, but they are also really good-lasting and fit nice around your feet, not too tight or loose. They are just perfect.",,
Joan G.,1,1 day ago,Did not like them. Uncomfortable with no arch support. They look like prison shoes. Not very attractive. The velcro was not tight enough and they slipped around on my feet.,,
"Buy Xanax, Telegram: @Bipmenow ..",5,1 day ago,The price range is perfect and you don’t have to spend too much. The customer service and return policy is amazing. And there are so many items (meds) to choose from. Also the shipping speed was super-fast. Details on Photo.,,
Sonia R.,5,1 day ago,I love them especially when going through airport security. Very comfortable matches with any clothes super comfortable. I will definitely buy them again .,,
Shazia Wali S.,4,1 day ago,Great for everyday wear. Goes well with any outfit wheather it be indoors or out. It has great quality that you can depend on and expect for a big brand like nike,,
Callie M.,4,1 day ago,They are comfy and don’t slide off your feet while walking and are very trendy and in style right now too and they’re very durable. I would recommend!,,
Lisa F.,5,1 day ago,I buy these for my husband and he loves them. They are comfortable and stylish. They are the perfect slides. They are very durable and last a long time.,,
Quynh N.,5,1 day ago,This sandals are so comfortable to wear daily. I took it a long way but still did not have any feet pain. It is simple in style but still young and modern. It is also fitted and true in my size.,,
Jacquie G.,5,1 day ago,Very easy to slip on and very comfortable for a lazy day off of work. They are very durable and these are my second pair. They last a long time. I would buy them in all colors.,,
Synsyn B.,4,1 day ago,Super confortable… j’adore particulièrement ce design… j’wi le mien depuis quelques années il est comme neuf.. le prix est abordable. Je vous le conseille vivement,,
Bree E.,5,1 day ago,Love these slides. They are my house slides. Super comfortable. Supportive of the arch in my foot. Ive had them for three years and theyre still in great shape. And they are breathable so my feet dont get sweaty and stinky.,,
Astrid M.,5,59 minutes ago,"Me gusta ya que no debo tener los pies dentro de un zapato, ya que dónde vivo hace mucho calor. Puedo recomemdarlas ciegamente, además las encontré en un precio accesible.",,
Jessica D.,5,1 day ago,"These Nike Benassi Swoosh Slides are exactly what I needed—simple, stylish, and ridiculously comfortable. The footbed has just the right amount of cushion, so they offer great support . Super easy to slide on when I’m heading out or just lounging around. Bonus: they’re lightweight but feel durable and offer , so I don’t worry about them wearing out anytime soon. If you’re after a no-fuss, wear-them-everywhere kind of slide, this is it.",,
Cindy N.,5,1 day ago,"I have they for 2?years but it still holding up so well ! Nike are pretty popular model, they are very comfortable to wear and they’re very flexible suble for a lot of weather types and it very easy to clean!!! I love them",,
Jordian C.,5,1 day ago,These durable slides are so stylish and comfortable for the summer months!! The support while traveling is also helpful for my son! I will buy again for sure!,,
Belisa R.,5,2 days ago,"Well-known international brand sponsored by great athletes, comfortable, now even in schools in the USA they allow them with socks, they recommend them.",,
Marcelina M.,5,2 days ago,Confortable duradera buena calidad y se ajusta nuestros estilos y aparecen rn todos los colores sencilla que podemos llevar a cualquier parte así como supermercados playa si afecte su durabilidad,,
Stephanie H.,5,2 days ago,Great support and durability! Love the style and comfort! These are great to wear to the pool or to sporting events! These shoes last forever! Fit great!,,
Omailyn Rosalia R.,4,2 days ago,"They are super comfortable and l like the color,they are soft to walk in and they can get wet and dry quickly, a must in a family home. l like the black color because it lasts longer",,
Marcos R.,5,2 days ago,"muy buenas y muy cómodas, cien por ciento recomendadas, para cualquier genero, sin importar la edad, no pierdas la oportunidad de calzar las mejores chanclas del mercado",,
Sophia L.,5,2 days ago,"Comfortable and stylish slides with great cushioning, but snug fit for wide feet. Ideal for casual wear, not slippery",,
Jennifer E D.,5,2 days ago,"The Nike Benassi Swoosh Slides are a popular choice for casual and athletic wear, known for their comfort, durability, and iconic design. They feature a cushioned footbed and a synthetic strap adorned with the Nike Swoosh logo, making them ideal for lounging, post-workout recovery, or everyday use.",,
Clarissa M.,5,2 days ago,"Comode e fashion, perfette per chi cerca comodità con stile Pratiche da pulire Materiali ottimi e di alta qualità le ho da molto tempo e sono ancora intatte",,
Martha Vanessa V.,5,2 days ago,Es un calzado cómodo pensado en el descanso de sus pies después de un largo día de trabajo oh una rutina del gym ideal para descansar tus pies y disfrutar del aire libre en la terraza,,
Liga E.,5,2 days ago,"Great style, very comfortable. Fits great, true to size. Very durable. Great support around foot. Great quality product. The most comfortable sliders.",,
Chloe P.,4,2 days ago,"These slides are some of the most comfortable I’ve ever had, the upper foot piece is so cushioned that I didn’t get fatigue like I usually do wearing sliders. They fit will and are supportive however in terms of durability they aren’t the best, the piece that attaches to the sole did end up cracking and ripping within a few months.",,
Manuel V.,5,2 days ago,Very comfortable slides would always wear them after work outs very comfortable for casual wear around the house or for after the gym and casual,,
Amber F.,5,2 days ago,"These stylish Nike slides embody comfort and support, offering durability for every step of your journey. I truly appreciate their fit, whether I'm walking or hiking!",,
Courtney P.,5,2 days ago,I love them! They are so comfortable and match with everything perfect summer shoes to wear everyday and be comfortable if you’re looking for a comfort shoe that’s cute but also everyday wear! Grab these!,,
Hannah K.,5,2 days ago,Very comfortable and glides on easily. It's a must get. Good support and love the fashion and long term usage . Durability long and easy I love it so much,,
Darren R.,5,2 days ago,I love my Nike Benassi Swoosh slides. So easy to slip on when I need to run out quick or just sit back and relax in the yard. They fit true to size and have great quality so they last longer than others I have tried. Give them a try!,,
Christina S.,5,2 days ago,"These Nike swoosh slides are really comfortable to wear for many hours or for running errands or around the house too. They are durable, a good price, cute style, easy to clean, great fit and support too. I would buy these again for myself or for a family member too.",,
Ms B.,4,15 hours ago,"These flip-flops are comfortable and well ventilated for coolness at the beach or the pool. The Men's Nike Benassi Swoosh Sandal is a lightweight sports slide with the Swoosh design trademark embellished on its strap. Its soft midsole foam and jersey lining provide comfort so you can enjoy a relaxed, premium experience. One-piece, synthetic leather strap has jersey lining for a soft feel. Injected Phylon midsole doubles as an outsole for lightweight cushioning. Flex grooves help the slide move with your foot. Durability",,
Marianny V.,4,2 days ago,"Cómodas, duraderas y con un estilo clásico que nunca falla, las Nike Benassi Swoosh slides son un acierto total. Las Nike Benassi Swoosh son unas sandalias tipo slide que combinan comodidad, estilo y simplicidad, ideales para el uso diario, después del gimnasio o para andar relajado en casa o en la calle.",,
Emily S.,5,2 days ago,"These Nike Benassi slides are my go-to for everything—quick errands, lounging, post-gym, you name it. The cushioned footbed feels like a mini massage with every step, and they’re lightweight but super durable. Easy to slip on, easy to love. Honestly, they’ve ruined other slides for me.",,
Ana M.,5,2 days ago,LOVE THESE! I wear them literally everyday! So comfy. It feels very light The workmanship and structure of the shoes is very well made. I will buy again,,
Lynette M.,5,2 days ago,"One of the best features is the easy slip-on design. You can throw them on in seconds, and they stay secure without feeling tight. The strap across the top is padded and doesn’t cause irritation, even after wearing them for extended periods. They're also lightweight, which adds to their all-day wearability.",,
Kimmie E.,5,2 days ago,Have 3 pairs in my household. Super comfy can wear with or without socks wear them around the house all the time they’re my go to slides for indoor or outdoor I would definitely recommend to everyone own many pairs of themI,,
Benjamin S.,5,2 days ago,"I love these slides, they're super convenient and stay on my foot when I wear them. They can be a little unstable when walking on sand, but overall I like them at the beach too. They have lasted me for years and look pretty good too.",,
Abby L.,4,2 days ago,"They are great for the pool, lake, kayaking, ocean, other water activities. They are a good style choice for casual outings. They fit true to size.",,
Yamilet G.,5,2 days ago,"The Nike Benassi Slides blend simplicity with performance. Their top feature is comfort — soft, lightweight, and a great fit. The design is classic yet modern, perfect for casual wear. The cushioned sole gives a relaxing feel with every step. Great for post-gym, lounging at home, or a chill day out. The quality materials are noticeable from the first use. They’re durable — no warping or easy wear and tear. The price is very reasonable for the comfort you get. They come in many colors, easy to match with any style. Definitely a smart buy for anyone who values comfort and ease.",,
Tiffany C.,4,2 days ago,"I'm very happy with these slides,I absolutely love the style,this pastel pink is amazing but they are surprisingly really comfortable,I thought I would just wear them around the house or to lounge but they have pretty much become my go too.",,
Shylah B.,5,2 days ago,I don’t have these exact ones but I have some that are similar. The durability is great. I bought these like 5 years ago and they are still going. They are very comfortable and they go with all of my outfits.,,
Esmerling V.,5,2 days ago,"Me encanta y excelente calidad, la recomiendo anímate y cómprate las tuyas . Yo las amos y sirven para salir hacer cualquier pendiente . I love this.",,
Tri N.,5,2 days ago,"I order the White/Black/Black Nike Benassi Slide. To be open and honest, the money I've spend for this slide, and the waiitng was all worth it. It helps my foot be comfortable, feel good, and when I walk I can feel the comfortable this slide is. Yes, I will truly highly recommend this slide becuase it feels highly comfotable, and even when you go outside with your slides to go to the store, to the car, or to a location wearing your White/Black/Black Nike Slide it will truly give your feet a good comfotbale place in the slide, and you will not even feel if you are even wearing it. Finally, I will truly recommend this slide to anyone and everyone. JUST DO IT....NIKE",,
Cecilia S.,5,2 days ago,These are the best slides. I bought these years ago at a mall in New Jersey and they are still my go to shoes in the summer. Perfect shoes for the beach or just to run errands!,,
Christopher A.,5,3 days ago,Very comfortable and priced great. Sandals can be matched up with any outfit. I definitely recommend these sandals. These are also very durable. My first pair lasted 2-3 years.,,
Courtney M.,5,3 days ago,"Alright, so I recently got a pair of Nike flip-flops, and I have to say, they're seriously awesome! From the moment I slipped them on, I could tell they were a step above your average flip-flops. The first thing I noticed was the comfort. The footbed is soft and cushioned, providing excellent support for my feet. I can wear these all day long without any discomfort or fatigue. But what really sets these flip-flops apart is the quality. The materials are durable and well-made, and the construction is top-notch. I can tell these flip-flops are built to last, even with daily wear and tear. Honestly, these Nike flip-flops have become my go-to footwear for everything from running errands to lounging by the pool. They're comfortable, durable, and stylish, making them the perfect combination of form and function. If you're looking for a reliable and comfortable pair of flip-flops, I highly recommend giving these a try! You won't be disappointed.",,
Jennifer E.,5,3 days ago,"I’ve been wearing the Nike Benassi Swoosh Sandal Slides for a few weeks now, and they’ve quickly become my go-to for comfort and convenience. Whether I’m running errands, heading to the gym, or just lounging around the house, these slides are perfect.",,
Nicol T.,4,3 days ago,"Son hermosas, cómodas, duradera y con buen ajuste puedes usarla diariamente, para estar en casa, combina con todo, es una excelente opción. La recomiendo.",,
Makayla P.,5,3 days ago,These shoes are a classic. Comfortable and perfect! They go with most of my outfits and are incredibly durable. The quality of this brand is unmatched!,,
Janita S.,5,3 days ago,"Mukavat jalassa, ja mukavat kävellä. Tukevat ja tyylikkäät. Kuvaa ei valitettavasti ole, kun ovat toisessa paikassa. Aivan parhaat kesän töpöttelyihin!",,
Isaura P.,5,3 days ago,"Estilo deportivo, ligero para hombre, con logotipo de Nike adornado en la correa para una mayor comodidad, un aspecto deportivo, su plantilla acorchada ofrece un confort excepcional, con una calidad increíble y su durabilidad increíble",,
Dawn V.,5,3 days ago,I love my Nike slides. They are cute and very comfortable. My feet never hurt when wearing them. They have a cute style to them. I spotless recommend you try them out!,,
Ruth V.,5,3 days ago,Super comfortable to wear. I like wearing them around the house to be comfortable and get my errands completed. I like the variety they have in colors and I also have the pink ones.,,
Martine H.,5,3 days ago,So comfy!!!!!!!!!!!!!!!! Love them so much. Such good quality and they last for a long time. Would definitely recommend to anyone looking to get a pair,,
Mandy B.,5,3 days ago,Very durable and comfortable. Easy to put on and easy to clean. Neutral color. Nice design. Good support. Nice fit. Perfect for people of all ages,,
Ceci N.,5,3 days ago,"These Nike Benassi Swoosh Slides have become my go-to for pretty much everything—quick errands, lounging around the house, even post-workout. They’re super lightweight and easy to slip on, and the cushioning is actually better than I expected. I’ve had other slides before, but these just feel more comfortable and durable. The strap is soft and doesn’t rub weird like some cheaper ones do. I also like the simple Nike design—clean, classic, and easy to match with anything. I’ve worn them almost daily and they’re holding up really well. For the price, they’re solid. Honestly, I didn’t think I’d love them as much as I do, but now I’d definitely grab another pair when these wear out.",,
Ilham K.,5,3 days ago,"Sandali perfetti che durano nel tempo, la misura si adatta perfettamente al vostro piede senza risultare né troppo grande ne troppo piccola. Per quanto riguarda la qualità dei materiali, parliamo di un marchio mondiale come Nike perciò sono sempre al top. Il design moderno si adatta a tutte le età e sono unisex Davvero favolose!!!",,
Francheska P.,5,3 days ago,"Son muy buenas, y cómodas para usar. La recomiendo bastante porque es un estilo bonito, duradero, y una calidad como ya dije que vale la pena comprar",,
Yermis R.,5,3 days ago,"Son geniales para el verano, son Frescas y comodas lo mejor es Que es para mujeres y hombres se ven bien en cada persona que las utiliza……………………..",,
Thao N.,5,3 days ago,"Bought these as a gift for my dad, and he loved them! They fit him perfectly, so I'd say size is accurate, they aren't too small or too big like some sizes run and very comfortable",,
Svetlana M.,5,3 days ago,"Comfortable and stylish! I'm very happy to buy it. In summer, my legs are not hot and they don't sweat. It's a very good price for excellent quality.",,
Astrid M.,5,1 hour ago,"Me gusta ya que no debo tener los pies dentro de un zapato, ya que dónde vivo hace mucho calor. Puedo recomemdarlas ciegamente, además las encontré en un precio accesible.",,
Jazmine O.,5,3 days ago,"They are super comfortable and easy to wear. They are durable and lasting extremely well. Great pricing for such a good product! If you’re debating, go for it. They’re worth it",,
Sugeidy P.,4,3 days ago,Se ven que son de buena calidad y es recomendable por los usuarios además es de una buena marca y es mi color favorito me encantan deberían comprarlas,,
Crystal K.,5,3 days ago,Very comfortable. Long lasting. The style is simple and fits true to size. Good support.I like the simple color of it and symbol. It’s not flashy.,,
Elisia N.,5,3 days ago,"I have sweaty feet so they did slip quite a bit unless I wear socks but they are very comfortable and easy for quick access wear. Doesn’t squeeze feet, has good support even for curved or arched feet. And they last quite awhile considering they aren’t too expensive .",,
Jeanie K.,4,3 days ago,We had both Nike and another brand of slides where we lost everything to a fire. When we started to replace items they wanted their Nike slides replaced and also as their second pair. They have so much more padding and so much more comfortable another brand we have tried. They a,,
Ana C.,5,3 days ago,"Very comfortable and breathable with great durability. The fit is a little tightly if you have wide feet, but nothing too uncomfortable i would say they have little support but are still worth a buy",,
Aaliyah W.,5,3 days ago,These slides they’re so comfortable they make your feet warm and I love about the bumpy things on the slides because they make your feet warm and feel nice. They fit very good and the comfort is definitely a 10 out of 10 they definitely are breathable. I love that when you get a bigger size Your feet just breeze. The durability is so good that it’s like hard but soft at the same time the support is wonderful.,,
Angela M.,5,3 days ago,Amor estas chanclas ya he comprado varias son mi marca favorita la comodidad y calidad es única y no resbalan en la superficie son exelente la verdad las amo,,
Thi Hong L.,5,3 days ago,"Exceeded my expectation , original and Solid but lightweight, fits perfectly - I honestly recommend.I really enjoy these shoes they are comfortable even though they are expensive.",,
Jennifer S.,5,3 days ago,"These slides are the definition of chill. I picked up a pair of Nike Benassi Swoosh Slides for everyday lounging and quick errands, and honestly, they’ve been a solid choice. The footbed has just the right amount of cushioning — soft enough to be comfortable, but still firm enough for support. The strap is padded and doesn’t dig into the top of your foot, which is a huge plus if you wear them for long periods.",,
Michael F.,5,3 days ago,"Perfect fit to wear to the beach, pool or just walking around in. Comfortable and offers support. High quality materials and sure to last. And they look great!",,
Ruth Esther P.,5,3 days ago,Es cómodo duradero si ajustada a mi necesidad me encanta su estilo muy buena calidad y duran bastante ósea que no tiene por qué preocuparte De qué tienen que comprar calzado para descansar muy seguido,,
Alexis F.,3,3 days ago,Never really liked slides but I used for softball and they were definitely a relief from my cleats. The arch could be better but they are slides didn't really expect much of it,,
Philip B.,5,3 days ago,"I can’t say enough good things about the Nike Benassi Swoosh Slides. These are hands down the most comfortable slides I’ve ever worn — it seriously feels like walking on a cloud. The cushioning is perfect and soft, and they don’t hurt the bottom of your feet at all, even after wearing them for hours. They’re so good, my whole family has a pair now! Everyone loves them, from the kids to the adults. Whether you’re lounging at home, running errands, or heading to the beach, these slides are the go-to choice for comfort and style. Highly recommend — once you try them, you won’t want to take them off!",,
Adriana M.,5,3 days ago,"I’ve been wearing the Nike Benassi Swoosh Slides for a few weeks now, and they’ve quickly become my go-to for lounging and quick errands. The cushioning is super comfortable, especially after a long day on my feet. They fit true to size and have a snug feel without being too tight. The slides are also very durable—after regular use, they still look almost brand new. I love the classic style and simple Nike branding, which pairs well with just about anything. Whether I’m at home, heading to the pool, or stepping out for a casual walk, these slides have been a reliable choice.",,
Dominic Z.,5,3 days ago,"Very comfortable, Would use again. Easy to put on Very durable They Fit perfectly Very nice looking style Very easy to clean And don't shrink in the sun",,
Sherry B.,5,3 days ago,I bought these shoes for my daughter and she loves them. They are comfortable and cute. I thought the price was great and they are held up very well.,,
Hector P.,5,3 days ago,"Very good flip-flops, they are very comfortable and durable. Since I bought them, my feet feel better. And the best thing is that they can be used on different occasions.",,
Xuyen N.,5,3 days ago,"This is the ultimate sandal for summer beach outings. The quality of the material is exceptional, providing outstanding comfort. I wholeheartedly recommend these sandals to everyone!",,
Thinh N.,5,3 days ago,"These Nike Benassi Swoosh Slides are my go-to for everyday comfort. Super lightweight, easy to slip on, and surprisingly durable for something so simple. The footbed has just enough cushioning to keep my feet comfortable whether I’m wearing them around the house, running errands, or hitting the pool. The synthetic strap is soft and doesn't rub or cause irritation, even if I wear them for hours. They also dry quickly, which is perfect for post-shower or beach days. Grip on the sole is decent too — no slipping on tile or wet surfaces. Style-wise, they’re classic Nike — clean, minimal, and go with just about anything. I’ve had mine for a while now, and they’re holding up really well. If you want a reliable pair of slides that combine comfort, function, and style, these are a solid choice.",,
Miriam B.,5,3 days ago,"Sì sono molto utili e super comodi per in estate da urlo ,io le ho utilizzate questa estate hanno una calzatura perfetta e a fine estate erano completamente intatte senza nessun segno di usura.",,
Candace C.,5,3 days ago,They fit great and are very comfortable. It's like walking on air. I used mine for work. They are slip resistant and last for a long time. These are good if you are gonna be on your feet for a long time.,,
Robert S.,5,3 days ago,"This product is great for water as well as fry land making it easy to bring these anywhere. These slides are always nice and overall reliable for kids and grown ￼people, they support all weight as well as size. With and without shoes it is nice and breathable. As I mentioned they fit all sizes just watch and maintain them.",,
Kaitlynn A.,5,3 days ago,Introducing the best beach shoes in the world! The best part? Sand doesn't stick to them and they are incredibly comfortable. Say goodbye to sandy feet and hello to ultimate beach comfort with these amazing shoes!,,
Hina H.,5,3 days ago,"Nike Benassi sliders light weight, comfortable and great fit, not tight around starps nor too loose, breathable material and great support to arch.. Durable material which lasts long,",,
Arpit P.,5,3 days ago,"Level up your style game with this classic Nike cap – where comfort meets attitude. Whether you're heading to the gym, running errands, or just vibing on a casual day out, this cap has your back (and your head). The iconic swoosh isn't just a logo, it's a statement – of hustle, drive, and never backing down. Lightweight, breathable, and effortlessly cool, it’s more than just a fashion piece – it's a mindset.",,
Adebayo B.,5,4 days ago,"Smart slippers, great for summer walk, light on the foot, easy to walk around with, not sticky to your feet. easy slide.",,
Margo C.,5,4 days ago,A very durable and supportive stylish great fit and very comfortable. A very good quality slide a must have in my family. I would recommend to anyone looking for a great slide,,
Christine G.,5,4 days ago,"I’ve had mine for 8 years now and they’re super durable, comfortable and great for everyday use. It helps support my feet and fit great. They’re black so they’re stylish to wear for a casual outing.",,
Mabel M.,5,4 days ago,"Love the Nike slides. Very comfortable, versatile, excellent fit. They surprisingly provide support and are super durable. I purchase more because I want colors but because I need them. I have a ton of these. They are timeless and long-lasting!",,
Zueinah A.,5,13 hours ago,These fit perfectly on my feet and supports me really well. It’s long lasting as I had these for a few years and I like the design of these thongs or sandals.,,
Gina P.,5,4 days ago,My kids wear these for easy access to and from the sports field. They are a God-send and super comfy!!! I love wearing them when running errands or walking the dog.,,
Sonya U.,5,4 days ago,"These Nike slides are super comfy, stylish, and perfect for casual wear! I love the color and the style of the slides. The fit is perfect, long lasting, and the support on the shoe is amazing!!!",,
Val M.,5,4 days ago,Perfect slides fit well comfy. Quality and stylish who would not want these. Last a long time and support my feet. Nike is an amazing brand for all the family.,,
Claridelis S.,5,4 days ago,"Las Nike no son simplemente calzado para días calurosos; son una declaración de comodidad con actitud. Desde el primer paso, la suavidad de la plantilla acolchada sorprende, brindando una sensación de descanso absoluto en cada pisada. El diseño, minimalista pero con carácter, refleja el estilo urbano que caracteriza a la marca, combinando funcionalidad con una estética deportiva que nunca pasa de moda.",,
Shelby S.,3,4 days ago,"These shoes are great for when I need to run a quick errand or when I’m planning a beach day! I’ve had my pair for a couple years now without any notable wear and tear, these are pretty durable",,
Holly L.,5,4 days ago,"Super comfortable for my wide feet, I have them in black and blue so one pair for inside and one for outside as they are my flip flop alternatives !!",,
Brianna W.,5,4 days ago,"The fit is true to size. Very comfortable and can wear with anything really. Great support for anyone with a high arch, the support is there. They are durable and have lasted me almost two years now.",,
Selma B.,3,4 days ago,"The Nike Benassi Swoosh Slides are the perfect combination of comfort and casual style. With their cushioned sole, they provide a soft feel with every step, making them ideal for post-workout relaxation or lounging around. The iconic Nike Swoosh on the strap adds a sporty touch, while the durable rubber sole ensures long-lasting wear. Lightweight and easy to slip on, these slides are a go-to for warm weather, beach trips, or casual outings. However, they may not offer much arch support, so they're best suited for relaxed, everyday use. Simple, comfortable, and stylish—perfect for those looking for a laid-back yet sporty look.",,
Andrea C.,5,4 days ago,"uso praticamente ogni giorno, soprattutto d’estate o dopo l’allenamento. Sono super comode, leggere e facili da infilare al volo. La fascia è morbida e non dà fastidio, e anche se sono in plastica, non fanno sudare troppo. Le uso anche sotto la doccia in palestra perché si asciugano subito. Hanno una buona presa sotto al piede e non scivolano. L’unica cosa: calzano un po’ strette, quindi consiglio di prendere una taglia in più se siete indecisi. Per il prezzo che hanno, secondo me sono davvero un ottimo acquisto. Non saranno le più stilose di tutte, ma per la praticità, vincono facile.",,
Naomy B.,5,4 days ago,La calidad es espectacular son cómodas para el uso diario duran mucho mi esposo tiene una de estas y ya tiene mucho tiempo con ellas se ajusta a la medida y el estilo es sutil,,
Anna A.,5,4 days ago,This is more of an indoor or pool party or beach day slide… if you want something breathable and durable then this is your go to foot wear as it does not only fit but it’s comfortable,,
Ziep N.,5,4 days ago,"The Nike Benassi Swoosh Slides might just look like an ordinary, every day slide, but there's a huge difference then the random slides you see from retailers and/or what Nike has to offer. Something you just put on to go but the truth is, you'd notice the quality the comfort, the grip, the design on it being less but doing more. I purchased these for my husband when we were going on vacation to the beach. He loved it .He said it very light weight. Ergonomic design so that you're able to wear them longer . The memory foam texture is n other level. Definitely worth the money, you will not be disappointed",,
Selbihan B.,5,4 days ago,"Very amazing style, and fit so Good. I did a good gift to my husband, he is wearing them for a long time period, very comfortable and fashionable. Non-slippery, supportive Nike Slides. Highly recommend.",,
Sawsan N.,4,4 days ago,Comfortable but it runs small and also it slippery when it’s hot. It’s very stylish. The support is very nice also if you have a wide feet you have to buy one size bigger,,
Alina D.,5,4 days ago,"Fits as advertised! Very comfortable and use inside and outside. Bought as shower shoes but they have replaced my slippers. Great quality for the price. Will purchase again if something happens to them, like my cat running away with one of them.",,
Dina Hatice U.,5,4 days ago,Very Comfy! Super nice every day slide for summer and on the go. I have 3 different pairs! I have two pairs for my kids also! Does not give your feet that sweaty sticky feeling. Also very good to know is even if they get dirty super simple to wash and dries fast.,,
Oslin G.,2,4 days ago,Doesn't work well with flat feet not very much support if you're planning to do a lot of walking. Fits true to size. Style is unisex and made for everyone to enjoy.,,
Krishna D.,5,4 days ago,I love it! It is very comfy and comfortable.I wear it everyday to run errands. It is the best pair of slides I have. It is stylish looking. Vey durable..,,
Eleana C.,4,4 days ago,"My husbands are very comfortable, since I bought them I only use them, the material is super good, they look like they last a long time, they are beautiful, it's worth it.",,
Anaad B.,4,4 days ago,The Nike Benassi Swoosh Slides are a great blend of comfort and style. With a cushioned footbed and lightweight design. Amazing for outdoors!!,,
Millicent R.,5,4 days ago,"I like the comfy its very soft and nice look great on my feet,nice quality and sturdy great for the summer and the price is excellent its good to wear indoor and outdoor great slip on Nike.",,
Arlene I.,5,4 days ago,Slides are quite comfortable to have around the house and even for pool party/ summer festivities. Perfect for a summer fit that’s in style too.,,
C G.,4,4 days ago,Very comfortable shoe. Great for pregnant women as well as they help ease back pain walking around with the bounce it gives as you walk. Shoe goes with anything casual.,,
Colleen O.,5,4 days ago,love these shoes they are so comfry I love be sure to get a pair for the summer I would buy myself some love yourself always,,
Mc Kensky J.,5,4 days ago,Ce produit m’a pas coûté trop chère et est très confortable et surtout durable ça m’a pris 1 an mais c’était il y’a longtemps maintenant je ne l’ai plus,,
Aaryan M.,5,4 days ago,Super comfy I bought them for my holiday. I was walking a lot and they lasted well no creases while giving support for my feet. It was like walking on pillows.,,
Mehreen S.,4,4 days ago,"So comfortable and durable which I love about these slides.I love how it fits and the style is super good,like I would wear these outside too and I really love these.",,
Stephanie M.,5,4 days ago,Yes very helpful the Nike beast swoosh sliders are brilliant very comfortable to wear the style is very minimal yet stylish good support on the feet and the fit is great,,
Bao H.,5,5 days ago,"Perfect for the beach or at home use. The comfort of this is amazing, I personally go true to size when purchasing one of these. They have never ripped on me lasting almost 2 years on a few. There are many colorways to choose from but personally the black one is the best!",,
Tiffany R.,5,5 days ago,Very comfortable and wonderful slides. These are very stylish and can be worn with any clothing choice. Great for spring and summer. They are very convenient to slide into my slides.,,
Pema Y.,5,5 days ago,Comfy to wear and affordable. Worth its price and looks fashionable as well. I’ve a pair that was bought a year ago and still going strong. Goes together with any outfit and not slippery,,
Lucky S.,5,5 days ago,"Style and durability is amazing! The comfort of these is key! Amazing fit and support for feet, I really like them. Black is the classic colour for these .",,
Breiner M.,5,5 days ago,Comodas y bonitas suavecitas geniales para la casa y estar comodos wowwwwwwwwwwwwwwwwwwwww impresionanteeeeee #)@(2) están muy bien las recomiendoo,,
Liam N.,4,5 days ago,"Every time I go to the beach I wear it, it feels very comfortable and soft. The price is not too expensive, but it is very durable. I really like it.❤️❤️❤️❤️❤️❤️❤️❤️🤭🤭🤭😜",,
Yeimi D.,5,5 days ago,"Muy buena calidad excelente, Durán bastante tiempo y son muy útiles te las puedes poner para ir a la playa o cualquier otro lado y encuentras en todos los sizes y lo mejor es el precio son muy económicas también están en todos los colores 😍",,
Roxanne M.,5,5 days ago,Loved these! Super comfy and durable!! They were soft and felt like walking on clouds! I would definitely recommend these and look forward to getting another pair soon!,,
Saryah J.,4,5 days ago,Comfy and sturdy. With a good fit and support. Though style is average. Overall I would recommend this product. Perfect for all day comfort wear.,,
Orquidia Natividad Cuevas C.,5,5 days ago,Una excelente durabilidad con un ajuste exacto a tus pies con estilo y calidad que solo este material puede tener y sobre mucha comodidad para poder realizar tus actividades.,,
Denise Pereira P.,4,5 days ago,Sandália essa é uma peça que eu tinha muuuuuita dificuldade de usar e hoje eu acho a coisa mais prática e despojada da vida 🤭 vocês amam ou odeiam?,,
Jormari M.,5,5 days ago,"Nike slides combine comfort, style, and durability in a modern and versatile design. Made from high-quality materials, they offer a lightweight feel and a comfortable fit—perfect for post-workout wear, lounging at home, or casual outings.",,
Marta R.,4,5 days ago,"Estas chanclas son muy cómodas, tienen muy buena calidad de los materiales que usan, te duran mucho debido a la buena calidad,son muy cómodas y tienen un estilo muy bonito. Se ajusta muy bien a tu talla de pie.",,
Holly L.,4,5 days ago,They are super comfy and easy to get on . They are easy to walk in due to the flexibility and they last long due to it's good durability they support the lay out of my feet as they are wide and I am a wide foot person.,,
Abbie C.,5,5 days ago,Nice slip on slides. They are so comfortable for a sunny day at the beach or even around the shops. They support your archway and fit just nice. They have lasted me years with daily wear.,,
Laura E.,5,5 days ago,"So comfy! Prefer these to crocs or anything similar easy to slip on and off, can be worn around the house, outside or by the pool, they have a good support, style looks great",,
Fiona L.,5,5 days ago,"Die Nike Benassi Swoosh Slides sind eine tolle Wahl für alle, die bequeme und stylische Sandalen suchen. Sie sind leicht und angenehm zu tragen, perfekt für den Alltag, den Strand oder nach dem Sport. Das weiche Fußbett sorgt für Komfort, während das klassische Nike-Design mit dem Swoosh-Logo für einen sportlichen Look sorgt. Die Slides sind robust und lassen sich gut reinigen, was sie sehr praktisch macht. Die Passform und die atmungsaktivität ist auch sehr gut. Insgesamt sind die Nike Benassi Swoosh Slides eine tolle Kombination aus Komfort, Style und Funktionalität. Ich würde sie auf jeden Fall empfehlen, wenn du nach bequemen und trendigen Slides suchst!",,
Destiny F.,5,5 days ago,"These slides are very comfortable! Weather its going on walks or sitting in your own home, they’re very durable! They support your feet very well and are definitely in style.",,
Merany C.,4,5 days ago,"Excelente calidad, tienen muy buena durabilidad…excelente comodidad y ajuste, va con cualquier estilo…tienen todos para ser súbales ya que son de excelente material.",,
Mark L.,5,5 days ago,Very comfortable for quick on the go slides: material is good quality and slides are durable. Sole support is good for flat feet and the style is great for multiple casual occasions,,
Yeinis J.,5,5 days ago,Yo adoro estas chanclas tengo unas iguales de color blanco hace años y son súper cómodas y duraderas las uso para ir a la playa para andar dentro de casa,,
Raideli G.,4,5 days ago,Muy bien El producto y se puede urtilizar para todo son muy cómodas excelente calidad precio y buen servicio excelente precio y buen trato de todo,,
Luke B.,5,5 days ago,Minus the ones across my rear end these are the comfiest I've worn great fit an they last many a walk looking forward to going out on them again soon,,
Bernadette M.,5,5 days ago,Super comfortable!! Stylish for pool and casual wear. Great for walking on the beach and so easy to clean! Always first thing I pack in my vaca bag,,
Chantel M.,3,5 days ago,"Recuerdo que tenía una de estas pero rosada y me duraron mucho tiempo , solo que la parte de atrás se desgasta y molesta mucho en el talón. Pero duran mucho",,
Sharif B.,4,5 days ago,"Great slides to wear on the beach or in the summer. Great for individuals searching for comfortable but functional slides and they're Nikes , come on try them.",,
Brooke O.,4,5 days ago,Extremely comfortable and fit true to size perfect slip on shoes to wear around the house and grocery shopping will be repurchasing for myself again,,
Aleya H.,5,5 days ago,"really comfy, lasted me ages definitely recommend soft padding makes it easy on my feet there really easy to take places like on holiday because of the size easily slip in small places",,
Malakai H.,5,5 days ago,These slides are comfy for beach day or just a casual outing with the family never failed my family I have owned mine for 4 years and have always brought new ones when they broke or got too small,,
L. L.,5,5 days ago,I have had my slide for almost 10 years and they still feel great. They aren’t stretched out or very worn in the bottom. They are made well. I have 4 more pair in different r colors.,,
Jackie S.,4,5 days ago,"I have so many friends that love these flip flops, I've tried on a friend's and they are so comfortable. I love the fact that your feet don't slide around in them like regular flip flops, these are the best ones to get by far.",,
Mardochee L.,4,5 days ago,"C'est hyper stylé, confortable, c'est magnifique, ça dure beaucoup,il a une taille parfaite pour n'importe quel personne,le prix est superbe",,
Kelly N.,5,5 days ago,My husband and I love these sandals. They are comfy and stylish. Fit true to size and last for years .. have had several pairs over the years and will continue to buy them.,,
Cheryl S.,5,5 days ago,My daughter loves these after or in between softball games ! They are great at the beach or pool. She won't be without them ! They are on trend and she loves them !,,
Joseph L.,5,6 days ago,"Produits de bonne qualité naturel et durable , vous pouvez sortir avec , aller promener tout faire....... En gros je vous le conseille super stylé très bonne adéquate original Nike nous avons beaucoup de numéro en vente n'importe quel taille numéro 37 , 38 , 39 , 40 je vous le conseille très bon confort et pour finir .... Avec un très bon prix",,
Rosimeri K.,5,6 days ago,Melhor chinelo que usei até hoje sofro de fascite planta e ele foi o único que pode usar em época de crises dolorosas. Em minha casa todos nós usamos super recomendo.,,
Justine F.,5,6 days ago,These are very comfortable and surprisingly supportive of the entire for while wearing during a quick walk. Great fit with excellent quality.,,
Billy K.,4,6 days ago,"The Nike Benassi slides deliver reliable comfort with a smooth, cushioned footbed that feels great throughout the day. The fit is easy and secure, offering just the right amount of support for relaxed wear. Crafted with durable materials and clean construction, they maintain their shape and quality even with frequent use.",,
Kirsty H.,5,6 days ago,"Good fit, good quality and good fit! Very comfortable also! I would highly recommend for the beach or out in the sunshine. Wouldn’t buy any other brand",,
Brandi S.,5,6 days ago,Fit is perfect! Super comfortable! The quality is amazing! Support can’t be beat! Durability is what you expect in a slide! Definitely not something to run in.,,
Veronique L.,5,6 days ago,"Hyper confortable agréables à porter, en chaussons ou claquettes de plage elles sont hyper agréables et soulagé les pieds après de longues marche",,
Aya H.,5,6 days ago,Mein Sohn ist total begeistert von diesen Schuhen – er findet sie sogar bequemer als seine Tennisschuhe! Ich kann sie auf jeden Fall weiterempfehlen. Der Preis ist absolut angemessen.,,
Janett R.,5,6 days ago,"Comfortable, stylish. I can wear it anywhere. I mostly were them at home or when running errands. Bought some for all my children. Husband loves them too. Come in different colors. Definitely recommend.",,
Sulamita R.,5,6 days ago,Son utiles pefeptas perfeeeeeeeepptooo estiloooooooooooooooo bueno comodoooooo calidad buenaaaaaaa buen estilo ajusta bien todo perfecto,,
Moh A.,5,6 days ago,"I’ve been using the Nike Benassi Swoosh Slides for a few months now and they’ve quickly become my go-to footwear for casual wear and lounging. They’re incredibly comfortable with a cushioned footbed that makes walking feel effortless. The slides offer decent support for daily use, and I love how durable they’ve been despite frequent use. The fit is true to size, and the style is sleek enough to wear out and about. They’re also super easy to clean, which is a bonus.",,
Ana Paula G.,5,6 days ago,"Son super cómodos y bonitos, son básicos Además están hechos de un material súper duradero, se ajusta perfectamente al pie y son antiderrapantes osea que no te resbalas al usarlos en pisos modernos,",,
Laurha S.,4,6 days ago,Ils est jolie et il est a bon prix ils est très confortable vous pouvez le mettre pour aller où vous voulez et aussi durable il est supportent a l'eau,,
Newa K.,5,6 days ago,"They're really comfortable and very practical for running errands like going on a quick shopping spree, taking the trash out etc. You can also go to the beach with them - my personal favorite way to use them! They're durable and quite never go out of style.",,
Jordan C.,5,6 days ago,"Tres bonnes qualité , elle sont résistante à l’eau et la chaleur ne les déforme pas. Agréable a porter , la taille correspond parfaitement . Elle sont confortable et vraiment pas cher. Je recommande",,
Kenna K.,4,6 days ago,These are comfy and easy to slide on. Perfect for running to the grocery store or hanging out in the back yard - easy to trip sometimes which is a downside.,,
Rachel S.,4,6 days ago,"I use these comfy slippers to do quick errands and take out the trash, get the mail. It’s cute, squishy and flexible when I wear it. Definitely do size up.",,
Damiana L.,5,6 days ago,"Nike Benassi Swoosh Slides: con ajuste perfecto, comodidad superior y estilo casual. Alta cálida y durabilidad en cada paso. Estilo deportivo y relajado, su calidad las hacen perfectas para uso diario.",,
Bobbi R.,5,16 hours ago,I love these slides!! As soon as I get off work and get home I slip these on. They’re comfortable and have a great fit. They are very supportive. I have had mine for a couple of years and they are so durable.,,
Victoria G.,5,6 days ago,I honestly love Nike and these slides are very comfortable and cute. Got a lot of compliments and they are great for outside activities like the pool or beach,,
Charina P.,5,6 days ago,"Son muy buenas y muy cómodas, ideal para ir al parque, a la playa, 🤩💯 muy útil, unas chanclas para un uso cómodo y confiable💯💯💯💯 la recomiendo 🤭",,
Yesenia P.,5,6 days ago,Muy lindas de buena calidad en eperdecto estado con durabilidad y estilo me encanta este tipo de calzado somis favoritos y se los supera recomiendo a ustedes,,
Kaitlan P.,5,6 days ago,Amazing fit! The style is super comfortable and goes with pretty much everything. They last for a long time…I have had mine for 5 years. Definitely a good price for the product!,,
Ledis M.,5,6 days ago,"Son muy hermosas y bastante cómodas se las recomiendo mucho la calidad es perfecta tiene un estilo muy lindo se ajusta bien al número , el material es bueno duran bastante",,
Bélgica C.,5,6 days ago,Son duraderas camina seguro y cómodo que se ajustan a la cómodas de tus pies con tus Nike Besani swoosh son de exelente calidad y suavidad al caminar con un estilo Único calidad exelente con un estilo increíble,,
Cliff S.,5,6 days ago,"I’ve had these slides for nearly 10 years and they have served me well that whole time. Even with heavy use, they’re as comfortable as they were fresh out of the box and exhibit very minimal wear. Highly recommend to fill a quick off and on need.",,
Isa S.,5,6 days ago,"Es súper cómoda, prácticas para estar en el hogar , salir de compras o visitar el abuelo, tienen un estilo único en cuanto a calidad son las mejores ya que suelen durar mucho son súper duraderas no las acaba nadie como dicen los domis",,
Christina C.,5,6 days ago,"I had these slides for 2 years, and I beat them up. I can't believe how long they lasted. I gardened in them. I went through puddles with them. I walked through salt water and sand with them. They were so comfortable. After 2 years, the tops started to peel up. I need a new pair!",,
Amanda S.,5,6 days ago,Absolutely love the convenience of being able to to slip on and off and then be very comfortable! Black and white matches everything to so they perfect,,
Dawn H.,5,6 days ago,"My feet swell often, Nike swoosh slides are extremely comfortable, highly fashionable and priced for everyone to afford that everybody in my family of six has a pair!",,
Lesly M.,5,6 days ago,Se las compré a mi hijo y le encantaron no se las quita le da un estilo y el material es excelente y él me dice que son muy cómodas le queda. Bien ajustadas y lo mucho que le a durado.,,
Shari V.,5,6 days ago,Great comfort love the support it feels like you have nothing on your feet. They go great with casual wear and fit great. I have had mine for almost 4 years and they are still great.,,
Robin B.,4,6 days ago,I'm not normally a slide person....but with tired achy feet theses are perfect.light weight and massage my feet as I walk these are perfect for after a long day of being on your feet,,
Erin B.,5,6 days ago,"I’m not typically big on wearing slides or sandals, but these are an exception. I have psoriatic arthritis pretty badly and my feet are often super achy and sometimes irritated due to the psoriasis, meaning.. I usually prefer to not show my toes or nails, which is a me thing entirely. These slides specifically have been super comfortable to wear with or without socks, which is important to me since I prefer to keep close toed shoes. I’ve had a few different pairs of slides from random brands that have all looked great, but just weren’t near as comfortable as my Nikes. Mine are just typical black with the white logo and they match just about every outfit. I’ve given up on wearing my cutesy slides over these simply due to them not hurting my feet.",,
Saira N.,5,6 days ago,"Muy bonito y confortable el color y la forma son sin duda algo ful recomendado, se puede usar tanto para paseos largos como cortos , es algo que usa",,
Dean S.,5,6 days ago,"Very soft and super comfy , easy to wear all day , hug your feet and could quite easily do day to day tasks wearing these soft sliders , price isn’t to high either",,
Denise D.,5,6 days ago,These provided extra comfort for our beach trip. They held up well in the water and sand. I highly recommend and I can not wait to purchase another pair.,,
John W.,5,6 days ago,Easy to slip on good in the water and on the beach good traction stays on your feet very comfortable comes in different styles you won’t be disappointed,,
Andreea P.,5,6 days ago,"Nike slippers are a solid choice if you’re looking for comfort, style, and brand reliability. They’re designed with soft, cushioned footbeds that offer great support whether you’re lounging at home, stepping out to grab something, or just need something easy to slide into after a workout. The foam soles usually have decent grip, and the strap designs are snug without being too tight. Visually, they’re sleek and modern—Nike always keeps up with trends—so you can rock them with or without socks and still look put together. The durability is decent for casual use, though some wear and tear might show after a few months of heavy use, especially around the strap. Overall, Nike slippers balance comfort, style, and practicality. They’re not the cheapest on the market, but you’re paying for that recognizable swoosh and a dependable design.",,
James H.,5,6 days ago,"Comfortable , Dependable , , all season .without shoes . Used year round . That tells you if you should by this product or not as , while I am getting free products from all the product ideas that I delivered to you then they can send me money by trying out their products and give great feedback . Then can start my own business and then have employees of my own and pay them to be a great person to work for . That is one of my goals to own the business and have employees of my own .",,
Emily D.,5,6 days ago,"The comfiest slides I’ve ever owned, I’ve recommended them to everyone I know. Absolutely worth the price as your feet feel really supported which is rare with slides.",,
Karla V.,5,7 days ago,"Sandalias con mucha durabilidad y comodidad para estar en casa o ir a la playa, el precio es muy razonable, las tallas son muy exactas, el estilo se adapta a todos los gustos",,
Anyeilin S.,5,7 days ago,Son de muy buena calidad y durabilidad y cómodas 😊✨ para todo uso en común la eh usado y me han encantado como buenas sandalias que son lo importante eh que se pueden mojar también,,
Elise M.,5,7 days ago,"Las sandalias con más comodidad que tienen una durabilidad increíble estilo bonito, ajuste bueno además de calidad las súper recomiendo 😉🙂",,
Andrea N.,5,7 days ago,I love how the fit firmly on my feet and don't slide around like most slides do. Like for instance these are the only slides I cam wear that stay on my feet when walking up the hills around my house all my other ones slide off to one side or all together completely when walking up steep inclines and causing me to miss step or twist my ankle.,,
Stephen C.,5,7 days ago,"Really comfy sliders would definitely recommend, good value for money and look the part. The for true to size and are very durable. More colour options would be good. Offer perfect support",,
Jennifer W.,5,7 days ago,"I've had over 10 pairs of these. The quality and fit has increased, even after over 10 years of use. The support and arch comfort are made surprisingly well for slides. These are the absolute best in iconic and trendy new styles. Love these and will continue buying them for myself and my entire family,",,
Danté E.,5,7 days ago,"I highly recommend! 10 out of 10 Nike shoe, very lightweight and easy to slip on. Very durable and will not give out on you after the first couple of wears. I do recommend staying true to size. Great product.",,
Mel B.,5,7 days ago,"All the family have a pair. We use as slippers as they’re so comfortable. They fit well to your feet, are supportive, look cool and last forever!!",,
Brandon J.,5,7 days ago,I absolutely love my Nike slides. They are so comfortable look stylish or anything I wear. I could have one pair and it last week all summer long. They’re absolutely amazing. I love them.,,
Laura H.,5,7 days ago,"Comfortable and durable wear them all the time, fit lovely perfect sizing, great for holidays or just round the house great colours available x",,
Savanah S.,5,7 days ago,They fit great very comfortable If you decide to buy just know they are very great and comfortable. You will not regret picking these the durability and how long they last are crazy.,,
Tyler S.,5,7 days ago,"They've lasted years through heavy use! They're comfortable, and very easy to get on and off. They are very easy to maintain and keep clean, especially in sandy conditions.",,
Malika B.,5,7 days ago,"Trop belle paire ee claquettes, la marque de ces claquette apporte un confort .le prix reste raisonnable et accessible . Plusieurs couleurs disponibles",,
Sailin C.,3,7 days ago,"Esas chanclas valen la pena la verdad un material buenísimo, y el precio se ajusta a su calidad la ,son muy comodas le daria 100 % por ser tan corfortables ,y la verdad duran mucho",,
Afraim M.,5,7 days ago,This kind of sleeper looks very elegant and comfortable for walking a long walk and also fits perfectly for all kinds of people also styles and very supportive when walking a long walk,,
Shonda C.,5,7 days ago,Fit just right the color normal but size is everything true to size I got them a while ago and barely ever take them off pair of sweats with them and a white tee or black ready to go,,
Kaylee W.,5,7 days ago,"I didn’t think I could love a pair of slides this much until I got these. Seriously—throwing them on after a long day, or right after a workout? Instant relief. They’re soft in all the right places, but still feel supportive. Like, my feet actually thank me. What I didn’t expect was how often I’d end up wearing them. I’ve worn them around the house, to grab groceries, even on casual hangouts. They’ve just got that clean, simple look that somehow still feels fresh. They’ve taken a beating too—pool days, random walks, quick trips—and they’re still going strong. If you’re looking for that mix of comfort, ease, and low-key style, these are it.",,
Hannah C.,5,7 days ago,Very comfy really nice wear and dont leave blisters . Colour dosent wear and feet feel supported and nice support through. Very durable and the design is impeccable,,
Kiana C.,5,7 days ago,These sandals are so comfortable! They’re light weight and perfect indoors and outdoors. I use them everywhere when I don’t want to wear sneakers.,,
Anna F.,4,7 days ago,Great slides. Very comfortable and easy to put on. Would definitely recommend it to anyone looking for a comfortable pair of slides. Wouldn't hesitate to purchase these.,,
Sofia S.,5,7 days ago,Un buen estilo para descansar sus pies excelente para todos los días después de la ducha muy conforme con lo que me han enviado muy buena la calidad,,
Kateryna W.,5,7 days ago,"Ich habe mir kürzlich Nike-Badelatschen zugelegt und bin rundum begeistert! Die weiche, aber zugleich federnde Innensohle dämpft jeden Schritt perfekt, und das leichte, wasserabweisende Obermaterial eignet sich ideal für Pool und Strand. Der breite Riemen hält den Fuß sicher, ohne zu scheuern, und das stylische Nike-Logo verleiht dem Look sportliche Eleganz. Sie sind nahezu schwerelos und selbst nach einem ganzen Tag im Einsatz fühlen sich die Füße entspannt an. Absolute Empfehlung für alle, die Komfort, Funktionalität und trendiges Design vereinen möchten!",,
Lisbeth Rachel R.,5,7 days ago,Son muy cómodas son buenas para llevarlas de viaje cuando viajes a cualquier país son de mi agrado son muy suaves son de buena calidad me encantan,,
Leigha A.,5,7 days ago,my favorite slides! I wear them everyday. They go with literally anything and are actually comfortable to wear all day. They're cute and really easy to slip on and off.,,
Cintia P.,4,7 days ago,Contiene buena calidad de duración se ajusta a los tonos de piel diversos y me da un estilo muy necesario para maquillaje suave y no brilla luciendo una piel muy fresca al usar ese corrector se acomoda a todos las pieles con una comodidad fresca comodidad de talla,,
Kader M.,5,7 days ago,"My favorite slide , they are great and awesome I wear them all the time , they are comfortable and soft, fit perfectly ,excellent quality and lovely design. I love them...",,
Amira A.,4,7 days ago,"Great for comfort and vacays. Gives good suppport feet and fits good. Gives a sense of style, perfect for on the go activities. Wear to the beach or even corner store.",,
Nezar E.,5,7 days ago,"I got these slide a couple years ago and they had a good 5 years of use I would post a picture of them but they do have a lot of wear and tear but I mean the quality and comfort of them are insane and im not much of a slides type of guy but I would wear them all the time especially to school 8+ hours a day with the slides, these came in clutch",,
Keyli R.,5,1 day ago,"El material de estas sandalias es de muy buena calidad, duradero, son muy suaves para caminar, puedes usarlas con diferentes estilos, están muy hermosas y elegantes",,
Tania K.,5,7 days ago,"I didn’t know slides could be this comfy until I tried the Nike ones! Super soft, lightweight, literally They look cute too, my everyday go too😍",,
Jas J.,5,7 days ago,I like these slippers. They are true to size and fit very good. They are comfortable and they support very good. They are durable and last long as it’s very long time since I had them. The style is perfect.,,
Danielle L.,5,7 days ago,They are very comfortable. I wear them around the house everyday. They are my go to shoe. When i dont want to wear my house shoe. I can also wear them out. Plus i can can wear them with anything. I highly recommend.,,
Delylah S.,5,7 days ago,The Nike Benassi swoosh slides are a great style to take to the beach when looking for something comfortable they support the arch of the foot very week and they last forever their durability is great for people who play sports and they fit perfectly around the foot.,,
Yoelina C.,5,8 days ago,Sin dudas algunas esta chanclas tienen un único estilo súper cómodas exelente calidad suave ajustan perfectamente sin dudas algunas me encantan,,
Yulieidys C.,5,8 days ago,"Súper cómodas , buena calidad y super seguras con muy buena durabilidad y un estilo increíble seguro a ti también te van a encantar más de lo q imaginas",,
Elisha Y.,5,8 days ago,"Very comfortable and perfect for the hot weather to let air to your feet. Can also be perfect for the garden or just for wearing around the house, great multi use.",,
Kia Y.,5,8 days ago,Perfect for summer days or just lounging around the house and need to take the bins out. Support is really good and they don’t slide off your feet easy like some of the competitors fit well too. Style is very in among the younger generation.,,
Richard T.,5,8 days ago,Brought the black stylish ones.tryed a few sizes to see difference.i found my size was the correct size to wear for comfort and support around toes. They also didn't wear quickly.,,
Danny C.,5,8 days ago,"I prefer these specific ones to wear rather than wearing shoes. They are comfortable and fit well. Some other slides are very uncomfortable, and quality isn't good overall. i do prefer nike slides",,
Veronica M.,5,18 hours ago,Comfortable and fit and supportive for your feet. Stylish too and good for house of outdoors. Love the colors they come in.. i live Nike and they very durable…,,
Felicity L.,4,8 days ago,My kids have had these and they never had any problems with them would buy again if they wanted or needed new ones .my kids uses them for taking swimming,,
Tracy C.,5,8 days ago,"I really love these slides. I didn't personally purchase them. My friend left them at my house and now she's never getting them back. But don't feel TOO bad for her. She swiped then from her boyfriend because she wore them one day and loved them. She refused to give them back. Her mistake was to leave them at my house so carelessly. There they sat on the living room rug. I tried to ignore them. Really, I did. But they called out to me. They seemed like they felt alone and abandoned. Anyone would have done the same thing and put them on like I did. I knew right then we were made for each other. I know they are marketed for men but guys -keep an eye on them! Especially if your girlfriend is at your place.",,
John R.,5,8 days ago,Love these shoes. Great slides. Style and comfort overall Fit perfectly and supports what is needed for walking and comfort Highly recommend these,,
Emerson M.,5,8 days ago,"Lo mejor de lo mejor, cómodo y buenos precios siempre. Súper recomendado para cualquier momento; viajes, hogar y lo más importante producto por para muchos años.",,
Regina G.,5,8 days ago,"Is very awesome, all the confort in this pair and the style is very glorious, the materials are well quality and is very clean, i have no bad comments, love it.",,
Andrea D.,5,8 days ago,"Estilo super cómodo, durabilidad, calidad y estilo representa la comodidad para ir a cualquier lugar de forma desahogada en tus pies me encantan",,
Brii F.,5,8 days ago,"These Nike sandals? Game changer. My feet feel like they’re getting a VIP treatment at a spa while I walk to the grocery store. I’m telling you, it’s like walking on clouds that just happen to be stylish.",,
Gurleen D.,5,8 days ago,"A classic choice, the Benassi Slides are known for their lightweight construction and easy slip-on design. They feature a soft foam midsole and a lined upper strap for added comfort.",,
MiCael S.,5,8 days ago,Extremely comfortable after an intense workout. Fit true to size. Perfect for a comfort over style type of vibe. Extremely durable I’ve had them for a long time. Great support to the arch of the foot.,,
Michael W.,5,8 days ago,I love these slides. They are so durable and look so good when a sporty outfit. I like to wear them when i have to change into sports shoes. They are convenient to wear and look good.,,
Margarita P.,5,8 days ago,Son súper cómoda la puedes usar para ir a la playa o para usarla en el día duran bastante tiempo la calidad es excelente 10/10 ajustan muy bien se ven super bien,,
Alisha W.,5,8 days ago,"Very comfortable and super cute! Loved that they matched with whatever and didn’t look like normal slip ons with everyday clothes, they made my outfits look better!!!",,
Dani W.,5,8 days ago,Super comfortable and lasts a long time. These are great for wearing to the beach or wearing between sporting events. Fit true to size and loosen up over time.,,
Ruzhica G.,5,8 days ago,"Diese Hausschuhe sind so leicht und bequem, dass Sie nicht einmal spüren, dass Sie sie tragen! Ich empfehle sie jedem, der sich in seinen Schuhen wohl und entspannt fühlen möchte!",,
Yamila A.,4,8 days ago,"Muy buenas ojotas super comodas,cancheras y buena calidad.Son super durabilidad a largo plazo.Son perfectas y el calce es excelente.Lo recomiendo te duran años.",,
Dara T.,5,8 days ago,I love the fit and it's very comfortable to wear around the house and outdoors. I got it as a gift and I totally loved it Ended up getting another as a sub,,
Katie H.,5,8 days ago,Always have these shoes on hand whether it’s running an errand or packed in my suitcase for holiday. They’re just perfect for all occasions and super comfortable. Would recommend to all and frequently purchase for gifts for family,,
Haileigh B.,5,8 days ago,"Extremely comfy, good on the go, matches every outfit. Fit is true to size, good for long walks nice and durable offers good support for the middle of your feet.",,
Reya S.,5,8 days ago,This slipper fits perfectly and has lasted me a good 5 years and counting. It's so comfortable and easy to walk in. These are perfect for everyday casual wear.,,
Sarah M.,5,8 days ago,These belong to my husband but I occasionally wear them around the house. They are so comfortable and match with everything. They are also durable. We have had them for at least 3 years and these slides still have no damage.,,
Delylah S.,5,8 days ago,The Nike Benassi swoosh slides are a great style to take to the beach when looking for something comfortable they support the arch of the foot very week and they last forever their durability is great for people who play sports and they fit perfectly around the foot.,,
Luis F.,5,8 days ago,Son muy buenas y dan un estilo único de confort y comodidad y entran en las tallas que necesites de alta calidad y durabilidad no pierdas la oportunidad de tenerlas,,
Prouvée A.,5,8 days ago,ma fille les a des fois je les met et ont est super alaise dedans la semelle est épaisse mais môle donc quand ont marche avec ce n'est pas dur du tout moi j'adore,,
Jackie B.,5,8 days ago,I have a few pairs of nike slides. They are SO comfortable and can't beat the price. It feels like your walking on clouds. I Definitely recommend these nike slides,,
Bruno P.,4,8 days ago,Super claquette très confortable ja qualité au top il son génial taille bien sa fait 2 ans que je les est acheté il dur très longtemps pas abume j adore le style. Le prix sa vs,,
Robin W.,5,8 days ago,"I absolutely love these slides. I own 3 pair. I keep one in my gym bag,one by my door and I wear a pair around the house. They are durable and easy to clean.",,
Jennifer P.,5,8 days ago,"These slides are so comfortable. I wear them everywhere. They are not like regular flip flops, much more sturdy to wear. The look is simple. But most of all COMFORTABLE",,
Mamad H.,5,9 days ago,These slip ones are so comfortable and not very pricey. Perfect to wear around the house and also perfect for the beach or swimming pool. One hundred percent waterproof and slip free,,
Victoria C.,5,9 days ago,So comfortable and cute for any casual occasion! Love the vibe of these light weight slides. Just bought a pair for my husband as well! Great buy!,,
Cristina M.,5,9 days ago,these are tge best slides . They are comfortable and durable as I have them grom 2021. My feet during the summer are happy. They give me suport and I can't comlain,,
Quentin F.,4,9 days ago,Très confortable le prix et abordable la qualité et au top elle sont agréables à porter il y a différent colorie ainsi que différentes taille je recommande,,
Jenniffer J.,5,9 days ago,These sandals provide such great comfort. Long walks or days on the beach. Flexible move with foot. Durable and last long time without breakdown. Style is sporty just as expected. No throbbing feet. True to size comfort worth having support.,,
Alvaro E.,5,9 days ago,These Nike black Swoosh sandals are perfect for sports. I used to play soccer and love to wear these after my games. Super comfy to wear. They match with almost every look.,,
Yuribel M.,5,9 days ago,"Excelente material la calidad es muy buena son súper cómodas y ajustables, la recomiendo mucho, y se pueden usar con medias, Son ligeras y suaves",,
Grismaldi J.,5,9 days ago,I use my nike slides every day to stay at home or go outside. They are very comfortable I like the design you feel a little massage in your feets every time you walk. Fit perfect and bring support to your foot. The inside part of the strap is very soft and cushion. Thank you,,
J H.,5,9 days ago,"My husband and sons love these Nike slides. They are comfortable and stylish, and last longer than other slides. They wear them with or without socks. Great for taking on trips.",,
Barbara H.,5,9 days ago,I love my niki swoosh slides. I wear a size 6 and they fit perfectly. They are so comfortable feels like your walking on air. They give me great support and have been very durable.,,
May B.,5,9 days ago,Great comfortable slides. I wear these to lounge around the house. I’ve owned several pairs through out the years I will continue to buy these slides.,,
Tracy C.,5,9 days ago,"Lovely and wide and so comfortable to wear, beach or pool. Small enough to pack in a bag and easily can be worn by anyone. My teenagers love them…..",,
Denise B.,5,9 days ago,"I’ve been wearing the Nike Benassi Swoosh Slides for a few weeks now, and they’ve definitely earned a spot in my daily rotation. Super lightweight and incredibly comfortable — the soft, cushioned footbed makes them perfect for everything from lounging around the house to quick errands. They fit true to size and the strap doesn’t rub or cause any irritation, even without socks. Plus, they’ve got that clean, minimal look that goes with almost anything. Whether you’re using them as post-workout slides or just want an easy-on, easy-off option, these are a solid choice. Highly recommend!",,
Jaqueline L.,5,9 days ago,"Produto maravilhoso confortável e super estiloso. Além da resistência que é fantástico, vale muito a pena se procura um produto com qualidade é esse",,
Antonio C.,5,9 days ago,"I’ve been wearing the Nike Benassi Swoosh Slides for a while now and honestly, they’re super comfortable. The cushioning is great, especially if you’re on your feet a lot or just want something easy to slip on. They look clean too—simple but stylish. Only thing is, they run a bit small, so I’d go up a size. Overall, definitely worth it.",,
Courtney L.,5,9 days ago,"Great comfort and very stylish I love Nike products you get your moneys worth! I wear them with pretty much anything and there easy to chuck in when nipping out to the shops or doing some errands, they fit nicely and the support is good to",,
Adam K.,5,9 days ago,very comfortable and durable and you get a very good quality for a very good price i will definitely rebuy as a gift for others perfect for beach/holiday,,
Tammy W.,5,9 days ago,The comfort is wonderful the style is good goes with everything I wear they durability last forever they keep there support very well fit is always good,,
Christopher A.,5,9 days ago,"One of the most comfortable slides I’ve had, I’ve had them for 7+ years and the durability and comfort levels is great. A bit worn out in looks but the same style from the first day I wore into them.",,
Trisha H.,5,9 days ago,Style is what we all are wearing.Fits and supports feet perfectly.made with durable material and very comfortable.love these slides would buy them over n over.,,
Alwena W.,5,9 days ago,"These are so comfy, they dont rub on my feet like most sliders i owe , highly recommend , wore them on the beach and round the pool , they dont make my feet sweat which is a bonus",,
Charlie S.,5,9 days ago,"So comfortable and don't eat too hot when left in the sun after sun bathing on the beach. Easy to clean and very durable, don't rub or irritate like some other sliders do.",,
Onyebuchi Christian N.,5,9 days ago,"I've been wearing the Nike Benassi Swoosh Slides for weeks now and they are incredibly comfortable and lightweight. The footbed has just enough cushioning to support long wear, whether I'm indoors or stepping out.Plus, they go well with almost any casual outfit. Highly recommended for.",,
Katie C.,5,9 days ago,These shows are in style and support your foot amazingly. These are the most comfortable shoes that I own and they have lasted for years they are incredibly durable. They fit amazingly well.,,
Amanda W.,5,15 hours ago,"These slides are comfortable! Easy to slip on and off! They look great going to the beach, going to the grocery store or even out on the town! They are so versatile! They are supportive and super easy to throw on!",,
Jona D.,5,9 days ago,"These slide sandals are very comfortable. They have a great memory foam feeling. They are soft on feet to walk in. They breathe ok. If you get to wet. Let them air dry in sun so they don’t smell. Used mine for physical therapy with pool, they got wet. Wash and air dry them.",,
Danny A.,5,9 days ago,Very comfortable to walk up and down give me the energy to wear them all day my feet they don’t hurt at all fit me right on the dot. Very nice to wear them support my weight i been wearing for a year they still look good very durability even on my basketball practice.,,
Daniele G.,4,9 days ago,"É um calçado confortável, estiloso, porém a durabilidade não foi tão satisfatória, para que eu pudesse usar mais tempo, usei um prego dos lados...",,
Yayte P.,5,9 days ago,"It's almost time for me to replace this flip-flop because I've been using them for almost two years and they've really turned out to be very good, even though I use them quite a bit. I like this style because it covers the widest part of my feet since I have thick legs.",,
Natalie C.,4,9 days ago,Got these sliders to wear whilst on holiday. . Absolutely loved them. They brought stylish and comfortable.. Loved this item so much brought 2nd pair . . Only negative is not many colour choices were available.,,
Florencia L.,5,9 days ago,La calidad es única es un estilo único comodo y se ajusta totalmente a tus pies es súper cómodo de usarlo y muy buena calidad sin dudas la reee recomiendo y te duran asta siempre el mejor producto sin dudas,,
Imilia R.,5,9 days ago,Comfortable and stylish for everyday wear such as running errands or sport events! They have such good durability being my go to sandal for outings.,,
Francis G.,5,9 days ago,Love these slides very much comforting and help the heal a lot of the feet also very affordable and easy to slip on while on the go very great material they fit very well ! Love the logo and style of these always a go to for an option on slides,,
Ursula M.,5,9 days ago,Ever since I bought these sandals/slides my boyfriend wears them around the house; to get the mail to take out the trash. He said they felt like walking on air . He & I recommend them .,,
Daniela M.,4,9 days ago,"The Women’s Nike Pro shirt is a favorite among athletes and fitness enthusiasts for its blend of performance and comfort. Made with Nike’s Dri-FIT technology, it wicks away sweat to help keep you dry and cool during intense workouts. The fabric is stretchy yet supportive, allowing for full range of motion without feeling restrictive. Many styles include mesh panels for added breathability, and the fitted design flatters without clinging too tightly. Whether you're lifting, running, or doing yoga, the Nike Pro stays in place and moves with you. Its lightweight feel and stylish look also make it a great choice for casual wear. Durable and easy to wash, it’s a reliable go-to piece for both training and everyday use.",,
Angela R.,5,10 hours ago,They fit my feet like a glove. And were probably the most comfortable slides I've ever worn in my life. I need a new pair. As I have been wearing the same pair of Nike SLIDES for 4 yrs now,,
Lucia B.,4,9 days ago,"Increible producto comodo pero le haria mejorsr su precio ademas de ello son increibles , la marca es muy buena y hacen q resalte todo las recomiendo",,
Nayade C.,4,9 days ago,Me parece muy buena calidad los acabados son excelentes y son muy ligeras de talla son perfectas y comodísimas se an convertido en mis favoritos,,
Jocie B.,5,9 days ago,"Have ypy seen a Filipino wearing this with socks? Yes that's what we are! Even in hot weather we wear this with socks. We don't want our feet to get dirty, and it suits to our own style. Besides it's worthy to buy because it's durable it lasts long before its breaks. Most specially it helps our feet not to get dirty",,
Colby J.,5,9 days ago,This is the shoe of the summer!!! my family and I love them they're very comfortable and they last forever. The very affordable so you and your family can be matching,,
Amanda D.,5,9 days ago,really cool product and amazing comfert .. bf loves em and so do all meant for the whole family cheers ..also recomended in summer,,
Erin G.,5,9 days ago,Supportive and comfortable! These will always be my go to slide when I am looking for something fun to wear around the house or when running errands.,,
Katherine M.,5,9 days ago,Comfortable and durable they fascinate me for later that I get home after a day of work the best for me at home everyone uses it my husband and my children even my brothers,,
Wendy E.,4,9 days ago,The best go to!! Comfy.. easy.. beach days.. shopping.. after a game slip on.. matches almost everything. Easy to take off and out on. My favorite shoes to wear everyday,,
Molly I.,5,9 days ago,These are very comfortable and I’ve had them for awhile so I’d say the durability is pretty good. If you don’t have good ankles maybe the support wouldn’t be the best for you but they fit pretty snug so you don’t have to worry about it slipping off your feet while you walk. I don’t really wear these out just around the house but they’re still stylish.,,
Mary M.,5,9 days ago,"Me encantan lo cómoda que son, se ajustan muy bien al pie y las tengo por mucho tiempo, calidad precio excelente. Y me encanta su estilo versátil.",,
